Entr,Row,Col,code,Cruza,Historia de seleccion,Peso,Humedad,,KgHa,1
1,1,1,E14401,Itapua 40//E CARDENAL/TNMU,CP6332-1E-0E-4E-0E-1E-4E-1E,833,14,1,1634,
2,1,2,E14402,Itapua 40/IAN 10,CP6333-3E-0E-1E-0E-1E-1E-2E,922,14,2,1808,
3,1,3,E14403,Itapua 40/IAN 10,CP6333-3E-0E-4E-0E-1E-3E-4E,974,11,3,1977,
4,1,4,E14404,Itapua 40/3/ITP35/PF84432//CORD4,CP6334-2E-0E-6E-0E-1E-3E-1E,995,15,4,1929,
5,1,5,E14405,Itapua 40/3/ITP35/PF84432//CORD4,CP6334-5E-0E-3E-0E-1E-1E-1E,885,14,5,1735,
6,1,6,E14406,Itapua 40/3/ITP35/PF84432//CORD4,CP6334-5E-0E-3E-0E-1E-3E-1E,922,15,6,1787,
7,1,7,E14407,Itapua 40/CANINDE 1,CP6339-3E-0E-1E-0E-1E-1E-2E,862,14,7,1690,
8,1,8,E14408,Itapua 40/CANINDE 1,CP6339-3E-0E-1E-0E-1E-2E-1E,991,13,8,1966,
9,1,9,E14409,Itapua 40/CANINDE 1,CP6339-3E-0E-1E-0E-1E-2E-2E-0E,1224,14,9,2400,BC15
10,1,10,,ITAPUA 70,,895,11,10,1816,
11,1,11,E14411,Itapua 55//P-SUPERIOR/CRDN,CP6370-11E-0E-1E-0E-1E-2E-2E-0E,1048,13,11,2079,DC15
12,1,12,E14412,Itapua 55/ITAPUA 70,CP6377-5E-0E-5E-0E-1E-2E-1E,885,12,12,1776,
13,1,13,E14413,Can11/KASORO3,CP6441-2E-0E-1E-0E-1E-4E-1E-0E,1047,12,13,2101,DC15
14,1,14,E14414,89.95115639,CP6480-3E-0E-7E-0E-1E-1E-1E,679,13,14,1347,
15,1,15,E14415,99.56178414,CP6530-2E-0E-10E-0E-1E-2E-1E,1072,13,15,2127,
16,1,16,E14416,108.8459469,CP6542-1E-0E-2E-0E-1E-3E-1E,807,13,16,1601,
17,1,17,E14417,106.1953021,CP6542-1E-0E-7E-0E-1E-2E-1E,1004,13,17,1992,
18,1,18,E14418,ND 2929//E-CARDENAL/TNMU,CP6542-1E-0E-7E-0E-1E-5E-2E,1127,13,18,2236,
19,1,19,E14419,ND 2929/PEWIT3,CP6543-4E-0E-3E-0E-1E-4E-1E,1097,14,19,2151,
20,1,20,,ITAPUA 75,,1165,13,20,2311,
21,1,21,E14421,ND 2929/PEWIT3,CP6543-4E-0E-4E-0E-1E-4E-1E,987,14,21,1936,
22,1,22,E14422,CD-112/5/PSN/BOW//SERI/3/MILAN/4/ATTILA  (piricularia),CP6553-1E-0E-3E-0E-1E-1E-1E,1002,14,22,1965,
23,1,23,E14423,CD-112/5/PSN/BOW//SERI/3/MILAN/4/ATTILA  (piricularia),CP6553-1E-0E-3E-0E-1E-1E-2E,1049,14,23,2057,
24,1,24,E14424,Itapua 55/Can11//Itapua 50,CP7033-1E-0E-2E-0E-1E-2E-2E,1056,14,24,2071,
25,1,25,E14425,Itapua 55/Can11//Itapua 50,CP7033-7E-0E-5E-0E-1E-5E-1E,1027,14,25,2014,
26,1,26,E14426,IAN 8/KASOSRO3//CD 104,CP7036-1E-0E-4E-0E-1E-1E-1E,1014,13,26,2012,
27,1,27,E14427,Itapua 40/3/ITP35/PF84432//CORD4,CP6334-5E-0E-0E-0E-1E-1E-2E,1153,14,27,2261,
28,1,28,E14428,EMBRAPA 120/ITAPUA 70,CP6472-0E-3E-0E-0E-1E-3E-2E,1051,14,28,2061,
29,1,29,E14429,NOBEOKA BOZU PRECOZ/ITAPUA 50,CP6536-0E-8E-0E-0E-1E-1E-1E,716,13,29,1420,
30,1,30,,DON ALBERTO,,1194,15,30,2314,
31,2,30,E14431,NOBEOKA BOZU PRECOZ/ITAPUA 50,CP6536-0E-8E-0E-0E-1E-5E-1E,817,14,31,1602,
32,2,29,E14432,BRS 229//MILAN/MUNIA ,CP6549-0E-3E-0E-0E-1E-2E-2E,878,15,32,1702,
33,2,28,E14433,BRS 229//MILAN/MUNIA ,CP6549-0E-18E-0E-0E-1E-2E-1E,1015,15,33,1967,
34,2,27,E14434,Itapua 40/IAN 10,CP6333-5E-0E-0E-0E-1E-5E-1E,1052,16,34,2015,
35,2,26,E14435,IAN 15//MILAN/MUNIA,CP6428-8E-0E-0E-0E-1E-7E-1E,1034,15,35,2004,
36,2,25,E14436,Parula//P-SUPERIOR/CRDN,CP6528-9E-0E-0E-0E-1E-9E-2E,1071,14,36,2100,
37,2,24,E14437,ITAPUA 40/2/MILAN/MUNIA,CP6588-4E-1E--0E-6E-1E,1041,13,37,2065,
38,2,23,E14438,ITAPUA 40/5/BOW/PRL//BUC/3/WH576/4,CP6591-2E-1E--0E-3E-1E,903,13,38,1791,
39,2,22,E14439,ITAPUA 40/5/BOW/PRL//BUC/3/WH576/4,CP6591-2E-1E--0E-5E-2E,1008,13,39,2000,
40,2,21,,ITAPUA 80,,1183,14,40,2320,
41,2,20,E14441,ITAPUA 40/ND 2929,CP6597-1E-1E--0E-2E-2E,885,15,41,1715,
42,2,19,E14442,ITAPUA 40/ND 2929,CP6597-1E-1E--0E-3E-2E,1072,19,42,1980,
43,2,18,E14443,ITAPUA 40/ND 2929,CP6597-1E-1E--0E-4E-1E,1079,13,43,2141,
44,2,17,E14444,ITAPUA 45// PF 953048/IAPAR 18,CP6607-1E-1E--0E-2E-2E,930,14,44,1824,
45,2,16,E14445,ITAPUA 50/3/ITP35/PF84432//CORD4,CP6616-2E-1E--0E-2E-1E,921,14,45,1806,
46,2,15,E14446,ITAPUA 50/3/ITP35/PF84432//CORD4,CP6616-2E-1E--0E-5E-1E,897,13,46,1779,
47,2,14,E14447,ITAPUA 50/3/ITP35/PF84432//CORD4,CP6616-2E-1E--0E-6E-1E,836,14,47,1639,
48,2,13,E14448,ITAPUA 50/3/ITP35/PF84432//CORD4,CP6616-2E-1E--0E-9E-1E,950,13,48,1885,
49,2,12,E14449,E-97034(CATBIRD)/ITAPUA 45      ,CP6664-2E-1E--0E-1E-2E,764,12,49,1533,
50,2,11,,CD 150,,993,14,50,1947,
51,2,10,E14451,E-97034(CATBIRD)/ITAPUA 45      ,CP6664-2E-1E--0E-5E-1E,750,14,51,1471,
52,2,9,E14452,E-97034(CATBIRD)/ITAPUA 65      ,CP6665-1E-1E--0E-4E-1E,722,13,52,1432,
53,2,8,E14453,E-97034(CATBIRD)/ITAPUA 65      ,CP6665-1E-1E--0E-5E-1E,682,14,53,1337,
54,2,7,E14454,E-97034(CATBIRD)/ITAPUA 65      ,CP6665-1E-1E--0E-12E-1E,688,15,54,1333,
55,2,6,E14455,E-97034(CATBIRD)/ITAPUA 65      ,CP6665-1E-1E--0E-13E-2E,555,14,55,1088,
56,2,5,E14456,E-97034(CATBIRD)/GREINA     ,CP6671-2E-1E--0E-4E-1E,526,15,56,1019,
57,2,4,E14457,E-97034(CATBIRD)/FUNDACEP 30      ,CP6673-1E-1E--0E-5E-2E,601,15,57,1165,
58,2,3,E14458,Cord 3/BR 18,CP6693-1E-1E--0E-1E-1E-0E,1034,15,58,2004,BC15
59,2,2,E14459,ITAPUA 75/WEEBILL 2,CP6714-1E-1E--0E-2E-1E,812,14,59,1592,
60,2,1,,ITAPUA 70,,804,13,60,1595,
61,3,1,E14461,WEEBILL2//MILAN/AMSEL,CP6806-1E-1E--0E-3E-2E,749,14,61,1469,
62,3,2,E14462,WEEBILL2//MILAN/AMSEL,CP6806-1E-1E--0E-5E-1E,720,15,62,1396,
63,3,3,E14463,KAMBARA 2/IPR 85,CP6903-3E-1E--0E-5E-1E,531,13,63,1053,
64,3,4,E14464,E-04256/CD 104,CP6922-2E-1E--0E-1E-1E,527,13,64,1045,
65,3,5,E14465,PARULA/CD 104,CP7021-1E-1E--0E-8E-2E,521,16,65,998,
66,3,6,E14466,FUNDACEP 30/CD 104,CP7026-2E-1E--0E-5E-1E,646,13,66,1282,
67,3,7,E14467,FUNDACEP 30/CD 104,CP7026-2E-1E--0E-7E-1E,812,16,67,1555,
68,3,8,E14468,FUNDACEP 30/CD 104,CP7026-2E-1E--0E-8E-2E,687,16,68,1316,
69,3,9,E14469,FUNDACEP 30/CD 104,CP7026-2E-1E--0E-9E-2E,748,13,69,1484,
70,3,10,,ITAPUA 75,,734,16,70,1406,
71,3,11,E14471,ITAPUA 40/PEWIT3,CP6586-1E-1E--0E-1E-1E,653,16,71,1251,
72,3,12,E14472,ITAPUA 40/2/MILAN/AMSEL,CP6593-1E-1E--0E-2E-2E,546,15,72,1058,
73,3,13,E14473,   IAN10//MILAN/MUNIA,CP6644-3E-1E--0E-1E-2E-0E,891,14,73,1747,CC15
74,3,14,E14474,ITAPUA 65/ITAPUA 45,CP6654-1E-1E--0E-7E-2E,836,14,74,1639,
75,3,15,E14475,ITAPUA 65/IAN 15,CP6657-1E-1E--0E-2E-1E,927,15,75,1797,
76,3,16,E14476,ITAPUA 65/IAN 15,CP6657-1E-1E--0E-6E-1E,758,14,76,1486,
77,3,17,E14477,ITAPUA 65/IAN 15,CP6657-1E-1E--0E-6E-2E,666,14,77,1306,
78,3,18,E14478,"E-97034(CATBIRD)/GAA/PRL""S""     ",CP6667-1E-1E--0E-2E-2E,1027,15,78,1991,
79,3,19,E14479,CANINDE 1/CD 108,CP6761-1E-1E--0E-4E-1E,745,15,79,1444,
80,3,20,,DON ALBERTO,,1093,16,80,2094,
81,3,21,E14481,CANINDE 1/CD 108,CP6761-1E-1E--0E-11E-1E,667,15,81,1293,
82,3,22,E14482,PM 88/PEWIT3,CP6764-2E-1E--0E-10E-1E,685,15,82,1328,
83,3,23,E14483,   PM 88/IAPAR 85,CP6769-2E-1E--0E-1E-1E,809,14,83,1586,
84,3,24,E14484,WEEBILL2/GREINA,CP6811-1E-1E--0E-8E-1E,695,15,84,1347,
85,3,25,E14485,WEEBILL2/ND 2929,CP6812-1E-1E--0E-4E-1E,978,15,85,1896,
86,3,26,E14486,E- 2028/ORL 00297,CP6846-2E-1E--0E-1E-2E,992,15,86,1923,
87,3,27,E14487,E- 2028/ORL 00297,CP6846-2E-1E--0E-4E-1E,985,15,87,1909,
88,3,28,E14488,KASORO 3/ND 2929,CP6873-3E-1E--0E-3E-1E,770,14,88,1510,
89,3,29,E14489,KASORO 3/ND 2929,CP6873-3E-1E--0E-5E-1E,950,14,89,1863,
90,3,30,,ITAPUA 80,,1078,16,90,2065,
91,4,30,E14491,KASORO 3/ND 2929,CP6873-3E-1E--0E-6E-2E-0E,1166,16,91,2233,DC15
92,4,29,E14492,KASORO 3/ND 2929,CP6873-3E-1E--0E-7E-1E-0E,1288,15,92,2496,CC15
93,4,28,E14493,KASORO 3/ND 2929,CP6873-3E-1E--0E-10E-1E,1100,18,93,2057,
94,4,27,E14494,E- 2044/Cord 3,CP6880-3E-1E--0E-9E-2E,897,14,94,1759,
95,4,26,E14495,E- 2044/Cord 3,CP6880-3E-1E--0E-10E-1E,818,16,95,1567,
96,4,25,E14496,E- 2044/Cord 3,CP6880-3E-1E--0E-13E-2E,782,14,96,1534,
97,4,24,E14497,BOW/PRL//BUC/3/WH576/4/BR 18,CP6937-1E-1E--0E-5E-1E,894,14,97,1753,
98,4,23,E14498,ITAPUA 40/CD 110 ,CP7014-1E-1E--0E-9E-2E,835,15,98,1618,
99,4,22,E14499,CD 110/3/PRL/VEE#6//CLMS,CP7015-1E-1E--0E-3E-2E,881,14,99,1728,
100,4,21,,CD 150,,1059,16,100,2028,
101,4,20,E14501,CD 110/ALSEN,CP7018-1E-1E--0E-4E-2E-0E,1069,14,101,2096,DC15
102,4,19,E14502,CD 110/ALSEN,CP7018-1E-1E--0E-13E-2E,919,15,102,1781,
103,4,18,E14503,CANINDE 1/Prointa Granar,CP08001-16E-0E-2E-1E,1014,13,103,2012,
104,4,17,E14504,CANINDE 1/Prointa Granar,CP08001-18E-0E-7E-1E-0E,1117,17,104,2114,DC15
105,4,16,E14505,CANINDE 1/Prointa Granar,CP08001-20E-0E-1E-1E,796,16,105,1525,
106,4,15,E14506,CANINDE 1/Prointa Granar,CP08001-20E-0E-3E-1E,906,16,106,1735,
107,4,14,E14507,CANINDE 1//MILAN/AMSEL,CP08006-4E-0E-1E-1E,1011,17,107,1913,
108,4,13,E14508,CANINDE 1//MILAN/AMSEL,CP08006-4E-0E-1E-2E,1018,17,108,1927,
109,4,12,E14509,CANINDE 1//MILAN/AMSEL,CP08006-4E-0E-2E-2E,730,18,109,1365,
110,4,11,,ITAPUA 70,,993,14,110,1947,
111,4,10,E14511,CANINDE 1//MILAN/AMSEL,CP08006-4E-0E-3E-2E,759,17,111,1436,
112,4,9,E14512,CANINDE 1//MILAN/AMSEL,CP08006-4E-0E-4E-1E,619,17,112,1172,
113,4,8,E14513,CANINDE 1//MILAN/AMSEL,CP08006-4E-0E-4E-2E,754,16,113,1444,
114,4,7,E14514,CANINDE 1//MILAN/AMSEL,CP08006-5E-0E-5E-1E,576,14,114,1130,
115,4,6,E14515,CANINDE 1//SHA3/CBRD,CP08009-1E-0E-3E-1E,935,13,115,1855,
116,4,5,E14516,CANINDE 1//SHA3/CBRD,CP08009-1E-0E-3E-2E,905,13,116,1795,
117,4,4,E14517,CANINDE 1//SHA3/CBRD,CP08009-1E-0E-4E-2E,898,14,117,1761,
118,4,3,E14518,CANINDE 1//SHA3/CBRD,CP08009-2E-0E-1E-1E,919,16,118,1760,
119,4,2,E14519,CANINDE 1//SHA3/CBRD,CP08009-2E-0E-2E-1E,758,15,119,1469,
120,4,1,,ITAPUA 75,,965,15,120,1870,
121,5,1,E14521,CANINDE 1//SHA3/CBRD,CP08009-2E-0E-2E-2E,869,16,121,1664,
122,5,2,E14522,CANINDE 1//SHA3/CBRD,CP08009-2E-0E-5E-1E,1070,17,122,2025,
123,5,3,E14523,WBLL2//MILAN/AMSEL,CP08016-2E-0E-2E-1E,911,17,123,1724,
124,5,4,E14524,WBLL2//MILAN/AMSEL,CP08016-2E-0E-4E-1E,869,19,124,1605,
125,5,5,E14525,WBLL2//MILAN/AMSEL,CP08016-2E-0E-4E-2E,948,16,125,1816,
126,5,6,E14526,WBLL2//MILAN/AMSEL,CP08016-2E-0E-7E-1E,929,17,126,1758,
127,5,7,E14527,WBLL2//MILAN/AMSEL,CP08016-2E-0E-11E-2E,960,17,127,1817,
128,5,8,E14528,WBLL2//MILAN/AMSEL,CP08016-7E-0E-1E-2E,908,14,128,1781,
129,5,9,E14529,WBLL2//MILAN/AMSEL,CP08016-7E-0E-3E-2E,665,18,129,1243,
130,5,10,,DON ALBERTO,,953,19,130,1760,
131,5,11,E14531,WBLL2//MILAN/AMSEL,CP08016-7E-0E-6E-1E,654,14,131,1282,
132,5,12,E14532,WBLL2//MILAN/AMSEL,CP08016-7E-0E-6E-2E,805,14,132,1579,
133,5,13,E14533,ITAPUA 40//RL 6000=Thatcher*7/Webster=Lr2a,CP08042-5E-0E-4E-1E,1047,15,133,2029,
134,5,14,E14534,ITAPUA 40/BR 18,CP08046-2E-0E-1E-1E,777,15,134,1506,
135,5,15,E14535,CORD 3/6/CS/AC//GLEN/3/GEN/4/ALD/PVN/5/SUZ 8,CP08050-11E-0E-1E-1E,1034,15,135,2004,
136,5,16,E14536,CORD 3/6/CS/AC//GLEN/3/GEN/4/ALD/PVN/5/SUZ 8,CP08050-11E-0E-6E-1E,989,15,136,1917,
137,5,17,E14537,CORD 3/6/CS/AC//GLEN/3/GEN/4/ALD/PVN/5/SUZ 8,CP08050-12E-0E-2E-1E,1076,16,137,2061,
138,5,18,E14538,CANINDE 3/Prointa Granar,CP08058-11E-0E-1E-1E,990,14,138,1941,
139,5,19,E14539,CANINDE 3/Prointa Granar,CP08058-12E-0E-4E-1E,1057,15,139,2049,
140,5,20,,ITAPUA 80,,1245,14,140,2441,
141,5,21,E14541,CANINDE 3/CATBIRD DIF 1073,CP08059-1E-0E-5E-1E,755,14,141,1481,
142,5,22,E14542,CANINDE 3//RL 6081=Thatcher*8/VPM=Lr37 (VPM),CP08061-8E-0E-1E-1E,982,16,142,1881,
143,5,23,E14543,CANINDE 3//RL 6081=Thatcher*8/VPM=Lr37 (VPM),CP08061-8E-0E-1E-2E,987,15,143,1913,
144,5,24,E14544,CANINDE 3//RL 6040=Thatcher *7/Translocation 4=Lr19,CP08063-1E-0E-1E-1E,899,15,144,1742,
145,5,25,E14545,CANINDE 3//RL 6040=Thatcher *7/Translocation 4=Lr19,CP08063-3E-0E-4E-1E,724,15,145,1403,
146,5,26,E14546,CANINDE 3//RL 6040=Thatcher *7/Translocation 4=Lr19,CP08063-7E-0E-1E-2E,1004,15,146,1946,
147,5,27,E14547,ITAPUA 75/BR 18,CP08080-7E-0E-3E-1E,112,15,147,217,
148,5,28,E14548,IAPAR 85//RL 6000=Thatcher*7/Webster=Lr2a,CP08091-8E-0E-3E-1E,852,13,148,1690,
149,5,29,E14549,WBLL4/5/BABAX.1B.1B*2/PRL/3/PASTOR/4/RL 6040=Thatcher *7/Translocation 4=Lr19,CP08101-10E-0E-5E-1E-0E,1252,14,149,2455,BC15
150,5,30,,CD 150,,1098,13,150,2178,
151,6,30,E14551,WBLL4/5/BABAX.1B.1B*2/PRL/3/PASTOR/4/RL 6040=Thatcher *7/Translocation 4=Lr19,CP08101-10E-0E-6E-2E,941,13,151,1867,
152,6,29,E14552,CANINDE/GREINA,CP08119-6E-0E-1E-1E,945,13,152,1875,
153,6,28,E14553,CANINDE//MILAN/AMSEL,CP08121-2E-0E-3E-1E,1003,15,153,1944,
154,6,27,E14554,CANINDE//MILAN/AMSEL,CP08121-2E-0E-6E-2E-0E,1230,16,154,2356,DC15
155,6,26,E14555,CANINDE//MILAN/AMSEL,CP08121-3E-0E-4E-1E-0E,1158,16,155,2218,DC15
156,6,25,E14556,CANINDE//MILAN/AMSEL,CP08121-5E-0E-4E-1E,1008,15,156,1954,
157,6,24,E14557,CANINDE//MILAN/AMSEL,CP08121-5E-0E-5E-2E,973,16,157,1864,
158,6,23,E14558,CANINDE//MILAN/AMSEL,CP08121-9E-0E-7E-1E-0E,1145,14,158,2245,DC15
159,6,22,E14559,CANINDE//MILAN/AMSEL,CP08121-9E-0E-7E-2E-0E,1071,15,159,2076,DC15
160,6,21,,ITAPUA 70,,997,15,160,1932,
161,6,20,E14561,KASORO3//MILAN/AMSEL,CP08143-1E-0E-1E-2E,968,15,161,1876,
162,6,19,E14562,BIOINTA1001/BR 18,CP08201-6E-0E-4E-2E,721,15,162,1397,
163,6,18,E14563,CD 104/4/BABAX/LR42//BABAX/3/BABAX/LR42,CP08226-1E-0E-5E-1E,988,15,163,1915,
164,6,17,E14564,CD 104/4/BABAX/LR42//BABAX/3/BABAX/LR42,CP08226-1E-0E-5E-2E-0E,1142,15,164,2213,DC15
165,6,16,E14565,ONIX//MILAN/AMSEL,CP08261-21E-0E-3E-2E,804,14,165,1577,
166,6,15,E14566,ITAPUA 75/CD104/4/WBLL4//BABAX.1B.1B*2/PRL/3/PASTOR,CP08409-10E-0E-5E-1E,973,15,166,1886,
167,6,14,E14567,F3 DESC CRIA 2010,X 2010-3-0E-8E-1E,632,16,167,1211,
168,6,13,E14568,F3 DESC CRIA 2010,X 2010-3-0E-9E-1E,728,15,168,1411,
169,6,12,E14569,F3 DESC CRIA 2010,X 2010-11-0E-1E-1E,757,15,169,1467,
170,6,11,,ITAPUA 75,,905,14,170,1775,
171,6,10,E14571,F3 DESC CRIA 2010,X 2010-12-0E-3E-2E,868,15,171,1682,
172,6,9,E14572,F3 DESC CRIA 2010,X 2010-12-0E-3E-1E,738,15,172,1430,
173,6,8,E14573,F3 DESC CRIA 2010,X 2010-13-0E-1E-1E,594,16,173,1138,
174,6,7,E14574,F3 DESC CRIA 2010,X 2010-13-0E-1E-2E,562,15,174,1089,
175,6,6,E14575,WBLL2/4/BABAX/LR42//BABAX/3/BABAX/LR42,CP08124-7E-0E-1E-12E,702,17,175,1329,
176,6,5,E14576,WBLL2/4/BABAX/LR42//BABAX/3/BABAX/LR42,CP08124-7E-0E-2E-1E,767,17,176,1452,
177,6,4,E14577,WBLL2/4/BABAX/LR42//BABAX/3/BABAX/LR42,CP08124-7E-0E-2E-4E,780,15,177,1512,
178,6,3,E14578,WBLL2//MILAN/AMSEL,CP08130-7E-0E-1E-1E,767,15,178,1487,
179,6,2,E14579,WBLL2//MILAN/AMSEL,CP08130-7E-0E-1E-5E,739,17,179,1399,
180,6,1,,DON ALBERTO,,736,16,180,1410,
181,7,1,E14581,WBLL2//MILAN/AMSEL,CP08130-7E-0E-1E-11E,698,15,181,1353,
182,7,2,E14582,WBLL2//MILAN/AMSEL,CP08130-7E-0E-3E-5E,642,16,182,1230,
183,7,3,E14583,WBLL2//MILAN/AMSEL,CP08130-7E-0E-3E-10E,618,12,183,1240,
184,7,4,E14584,WBLL2//MILAN/AMSEL,CP08130-7E-0E-3E-11E,467,15,184,905,
185,7,5,E14585,WBLL2//MILAN/AMSEL,CP08130-7E-0E-4E-1E,730,15,185,1415,
186,7,6,E14586,ONIX//MILAN/AMSEL,CP08261-18E-0E-7E-7E,392,,186,894,
187,7,7,E14587,PARULA/CD 104//CD104,CP08421-4E-0E-1E-5E,686,15,187,1330,
188,7,8,E14588,PARULA/CD 104//CD104,CP08421-4E-0E-2E-1E,446,15,188,864,
189,7,9,E14589,PARULA/CD 104//CD104,CP08421-4E-0E-2E-3E,580,12,189,1164,
190,7,10,,ITAPUA 80,,851,16,190,1630,
191,7,11,E14591,PARULA/CD 104//CD104,CP08421-4E-0E-2E-4E,568,16,191,1088,
192,7,12,E14592,PARULA/CD 104//CD104,CP08421-4E-0E-2E-6E,307,,192,700,
193,7,13,E14593,PARULA/CD 104//CD104,CP08421-4E-0E-2E-8E,377,,193,860,
194,7,14,E14594,PARULA/CD 104//CD104,CP08421-4E-0E-2E-9E,153,,194,349,
195,7,15,E14595,PARULA/CD 104//CD104,CP08421-4E-0E-2E-10E,468,14,195,918,
196,7,16,E14596,E-04256/CD108//MILAN/MUNIA,CP08422-1E-0E-3E-7E,658,14,196,1290,
197,7,17,E14597,E-04256/CD108//MILAN/MUNIA,CP08422-1E-0E-3E-10E,664,15,197,1287,
198,7,18,E14598,E-04256/CD108//MILAN/MUNIA,CP08422-1E-0E-4E-1E,605,15,198,1173,
199,7,19,E14599,E-04256/CD108//MILAN/MUNIA,CP08422-1E-0E-4E-4E,772,15,199,1496,
200,7,20,,CD 150,,763,16,200,1461,
201,7,21,E14601,E-04256/CD108//MILAN/MUNIA,CP08422-1E-0E-5E-2E,826,14,201,1620,
202,7,22,E14602,PARULA/CD 104,CP7021-1E-1E-0E-1E-6E,719,16,202,1377,
203,7,23,E14603,PARULA/CD 104,CP7021-1E-1E-0E-1E-12E,894,14,203,1753,
204,7,24,E14604,PARULA/CD 104,CP7021-1E-1E-0E-6E-1E,839,16,204,1607,
205,7,25,E14605,Itapua 40/IAN 10,CP6333-1E-0E-6E-0E-1E-1E,763,13,205,1514,
206,7,26,E14606,Itapua 40/IAN 10,CP6333-5E-0E-2E-0E-2E-2E,854,13,206,1694,
207,7,27,E14607,Itapua 40/IAN 10,CP6333-5E-0E-2E-0E-2E-4E,866,13,207,1718,
208,7,28,E14608,Itapua 40/IAN 10,CP6333-5E-0E-2E-0E-2E-11E,896,14,208,1757,
209,7,29,E14609,Itapua 40/IAN 10,CP6333-5E-0E-2E-0E-2E-12E-0E,1156,14,209,2267,DC15
210,7,30,,ITAPUA 70,,1005,13,210,1994,
211,8,30,E14611,Itapua 40/IAN 10,CP6333-5E-0E-2E-0E-3E-9E,660,14,211,1294,
212,8,29,E14612,Itapua 40/IAN 10,CP6333-5E-0E-3E-0E-2E-5E,863,13,212,1712,
213,8,28,E14613,Itapua 40/IAN 10,CP6333-5E-0E-3E-0E-4E-6E,869,13,213,1724,
214,8,27,E14614,Itapua 40/IAN 10,CP6333-5E-0E-3E-0E-4E-7E,959,14,214,1881,
215,8,26,E14615,Itapua 40/3/ITP35/PF84432//CORD4,CP6334-2E-0E-5E-0E-1E-4E,855,13,215,1696,
216,8,25,E14616,Itapua 40/3/ITP35/PF84432//CORD4,CP6334-2E-0E-5E-0E-1E-5E,860,15,216,1667,
217,8,24,E14617,Itapua 40/3/ITP35/PF84432//CORD4,CP6334-2E-0E-5E-0E-1E-6E,663,14,217,1300,
218,8,23,E14618,Itapua 40/3/ITP35/PF84432//CORD4,CP6334-2E-0E-5E-0E-2E-1E-0E,1141,15,218,2211,CC15
219,8,22,E14619,Itapua 40/3/ITP35/PF84432//CORD4,CP6334-2E-0E-5E-0E-2E-2E,809,16,219,1550,
220,8,21,,ITAPUA 75,,936,14,220,1835,
221,8,20,E14621,Itapua 40/3/ITP35/PF84432//CORD4,CP6334-2E-0E-5E-0E-2E-4E,968,16,221,1854,
222,8,19,E14622,Itapua 40/3/ITP35/PF84432//CORD4,CP6334-2E-0E-5E-0E-2E-8E,1055,15,222,2045,
223,8,18,E14623,Itapua 40/3/ITP35/PF84432//CORD4,CP6334-2E-0E-5E-0E-4E-1E,864,14,223,1694,
224,8,17,E14624,Itapua 40/3/ITP35/PF84432//CORD4,CP6334-2E-0E-5E-0E-4E-3E,1020,16,224,1954,
225,8,16,E14625,Itapua 40/3/ITP35/PF84432//CORD4,CP6334-2E-0E-5E-0E-4E-7E-0E,900,17,225,1703,CC15
226,8,15,E14626,Itapua 40/3/ITP35/PF84432//CORD4,CP6334-2E-0E-5E-0E-6E-5E-0E,930,15,226,1803,CC15
227,8,14,E14627,Itapua 40/3/ITP35/PF84432//CORD4,CP6334-2E-0E-6E-0E-3E-1E-0E,855,14,227,1677,CC15
228,8,13,E14628,Itapua 40/3/ITP35/PF84432//CORD4,CP6334-2E-0E-6E-0E-3E-3E,692,15,228,1341,
229,8,12,E14629,Itapua 40/3/ITP35/PF84432//CORD4,CP6334-2E-0E-6E-0E-3E-4E,687,15,229,1332,
230,8,11,,DON ALBERTO,,658,16,230,1260,
231,8,10,E14631,Itapua 40/3/ITP35/PF84432//CORD4,CP6334-2E-0E-6E-0E-3E-7E-0E,948,15,231,1837,CC15
232,8,9,E14632,Itapua 40/3/ITP35/PF84432//CORD4,CP6334-2E-0E-6E-0E-3E-8E-0E,821,15,232,1591,CC15
233,8,8,E14633,Itapua 40/3/ITP35/PF84432//CORD4,CP6334-2E-0E-6E-0E-3E-11E-0E,915,13,233,1815,CC15
234,8,7,E14634,Itapua 40/3/ITP35/PF84432//CORD4,CP6334-2E-0E-6E-0E-4E-12E,739,15,234,1432,
235,8,6,E14635,Itapua 40//P-SUPERIOR/CRDN,CP6336-4E-0E-1E-0E-4E-4E,931,14,235,1826,
236,8,5,E14636,Itapua 40//P-SUPERIOR/CRDN,CP6336-4E-0E-1E-0E-4E-5E,711,13,236,1410,
237,8,4,E14637,ITAPUA 40/5/BABAX/LR42//BABAX*2/4/SIN/TRAP1/3KAUZ*2/TRAP/KAUZ,CP08014-1E-100E-4E,1012,15,237,1961,
238,8,3,E14638,ITAPUA 40/5/BABAX/LR42//BABAX*2/4/SIN/TRAP1/3KAUZ*2/TRAP/KAUZ,CP08014-1E-100E-5E,864,14,238,1694,
239,8,2,E14639,ITAPUA 40/4/BABAX/LR42//BABAX*2/3/TUKURU,CP08016-1E-100E-10E,1017,14,239,1994,
240,8,1,,ITAPUA 80,,1009,14,240,1979,
241,9,1,E14641,ITAPUA 65/5/BABAX/LR42//BABAX*2/4/SIN/TRAP1/3KAUZ*2/TRAP/KAUZ,CP08060-1E-100E-2E,942,15,241,1826,
242,9,2,E14642,ITAPUA 65/3/PFAU/WEAVER*2//TRANSFER12.P88.272.2,CP08065-1E-100E-1E,867,14,242,1700,
243,9,3,E14643,ITAPUA 70//ND643/2*WBILL1,CP08108-1E-100E-3E,750,14,243,1471,
244,9,4,E14644,ITAPUA 70//ND643/2*WBILL1,CP08108-1E-100E-11E,582,14,244,1141,
245,9,5,E14645,ITAPUA 70/4/BABAX/LR42//BABAX*2/3/TUKURU,CP08115-1E-100E-22E,851,14,245,1669,
246,9,6,E14646,CD 108/4/BABAX/LR42//BABAX*2/3/TUKURU,CP08156-1E-100E-1E,674,15,246,1306,
247,9,7,E14647,CD 108/4/BABAX/LR42//BABAX*2/3/TUKURU,CP08156-1E-100E-2E,1026,14,247,2012,
248,9,8,E14648,CD 108/4/BABAX/LR42//BABAX*2/3/TUKURU,CP08156-1E-100E-3E,,,248,0,
249,9,9,E14649,CD 108/4/BABAX/LR42//BABAX*2/3/TUKURU,CP08156-1E-100E-4E,700,14,249,1373,
250,9,10,,CD 150,,955,14,250,1873,
251,9,11,E14651,ND643/2*WBILL1//CD 114,CP08281-1E-100E-8E,957,14,251,1877,
252,9,12,E14652,BABAX/LR42//BABAX*2/4/SIN/TRAP1/3KAUZ*2/TRAP/KAUZ/5/ITAPUA 40      ,CP08398-1E-100E-1E,690,17,252,1306,
253,9,13,E14653,BABAX/LR42//BABAX*2/4/SIN/TRAP1/3KAUZ*2/TRAP/KAUZ/5/ITAPUA 40      ,CP08398-1E-100E-2E-0E,1050,14,253,2059,DC15
254,9,14,E14654,BABAX/LR42//BABAX*2/4/SIN/TRAP1/3KAUZ*2/TRAP/KAUZ/5/ITAPUA 40      ,CP08398-1E-100E-9E-0E,1292,14,254,2534,BC15
255,9,15,E14655,BRBT1*2/KIRITATI//PF 953048/IAPAR 18,CP08444-1E-100E-1E-0E,970,15,255,1880,CC15
256,9,16,E14656,BRBT1*2/KIRITATI//PF 953048/IAPAR 18,CP08444-1E-100E-5E,839,13,256,1664,
257,9,17,E14657,BRBT1*2/KIRITATI//PF 953048/IAPAR 18,CP08444-1E-100E-6E,832,14,257,1632,
258,9,18,E14658,BRBT1*2/KIRITATI/3/SRMA/TUI//BABAX,CP08445-1E-100E-4E,863,13,258,1712,
259,9,19,E14659,BRBT1*2/KIRITATI//BRS 208,CP08447-1E-100E-1E,836,15,259,1620,
260,9,20,,ITAPUA 70,,771,15,260,1494,
261,9,21,E14661,BRBT1*2/KIRITATI//BRS 208,CP08447-1E-100E-5E,783,16,261,1500,
262,9,22,E14662,WEEBIL-2/IAPAR 85//ITAPUA 70,CP08466-1E-100E-7E,817,15,262,1584,
263,9,23,E14663,ITAPUA 75/CATBIRD DIF 1073//IPR 85,CP08469-4E-100E-10E-0E,963,14,263,1888,CC15
264,9,24,E14664,Itapúa 45/Itapúa 40//CD 150,CP09216-5E-3E,843,15,264,1634,
265,9,25,E14665,Itapúa 45/Itapúa 40//CD 150,CP09216-5E-4E,924,16,265,1770,
266,9,26,E14666,CRONOX/Itapúa 70,CP09255-8E-6E,932,15,266,1806,
267,9,27,E14667,CRONOX/Itapúa 70,CP09255-14E-6E,586,17,267,1109,
268,9,28,E14668,NOGAL/BRS 229,CP09381-2E-2E,965,14,268,1892,
269,9,29,E14669,S09/ALSEN,CP09452-14E-4E,843,18,269,1576,
270,9,30,,ITAPUA 75,,1089,15,270,2111,
271,10,30,E14671,CANINDE3//E CARDENAL/TNMU,CP09028-1E-1E,956,15,271,1853,
272,10,29,E14672,Itapúa 75/BABAX 42,CP09034-4E-1E,919,13,272,1823,
273,10,28,E14673,Itapúa 75/6/SKAUZ/PARUS//PARUS/5/CNDO/R143//ENTE/MEXI75/3/AE.SQ/4/2*OCI,CP09037-1E-2E,861,15,273,1669,
274,10,27,E14674,Itapúa 75/6/SKAUZ/PARUS//PARUS/5/CNDO/R143//ENTE/MEXI75/3/AE.SQ/4/2*OCI,CP09037-1E-4E,744,15,274,1442,
275,10,26,E14675,CANINDE 1/CD 150,CP09113-4E-2E-0E,915,15,275,1773,CC15
276,10,25,E14676,CANINDE 1/CD 116,CP09131-5E-2E-0E,930,16,276,1781,CC15
277,10,24,E14677,CANINDE 1/CD 116,CP09131-5E-5E,822,14,277,1612,
278,10,23,E14678,WEEBILL 2/CD 116,CP09151-1E-1E,679,15,278,1316,
279,10,22,E14679,WEEBILL 2/CD 116,CP09151-2E-1E-0E,920,14,279,1804,CC15
280,10,21,,DON ALBERTO,,743,13,280,1474,
281,10,20,E14681,WEEBILL 2/CD 116,CP09151-5E-6E,765,15,281,1483,
282,10,19,E14682,GOV/AZ//MUS/3/DODO/4/BOW/5/CBRD/6/Itapúa 75,CP09303-6E-2E,760,14,282,1490,
283,10,18,E14683,GOV/AZ//MUS/3/DODO/4/BOW/5/CBRD/6/Itapúa 70,CP09304-1E-1E,890,14,283,1745,
284,10,17,E14684,NOGAL/CANINDE 3,CP09382-10E-3E-0E,968,13,284,1920,CC15
285,10,16,E14685,NOGAL/CANINDE 3,CP09382-10E-5E,904,13,285,1793,
286,10,15,E14686,NOGAL/CANINDE 3,CP09382-11E-4E,902,13,286,1789,
287,10,14,E14687,NOGAL/KASORO3,CP09384-4E-3E,1051,15,287,2037,
288,10,13,E14688,NOGAL/ALSEN,CP09385-3E-5E,905,13,288,1795,
289,10,12,E14689,NOGAL/ALSEN,CP09385-4E-1E,667,16,289,1278,
290,10,11,,ITAPUA 80,,1031,14,290,2022,
291,10,10,E14691,NOGAL/ALSEN,CP09385-4E-2E,708,13,291,1405,
292,10,9,E14692,NOGAL/ALSEN,CP09385-2E-1E,980,15,292,1899,
293,10,8,E14693,NOGAL/ALSEN,CP09385-2E-6E,610,14,293,1196,
294,10,7,E14694,NOGAL/ALSEN,CP09385-3E-4E,1061,16,294,2032,
295,10,6,E14695,NOGAL/ALSEN,CP09385-6E-1E,863,15,295,1673,
296,10,5,E14696,NOGAL/CD 104,CP09386-8E-1E,741,13,296,1470,
297,10,4,E14697,NOGAL/CD 104,CP09386-8E-2E,728,15,297,1411,
298,10,3,E14698,NOGAL/CD 117,CP09392-3E-1E-0E,1068,14,298,2094,BC15
299,10,2,E14699,NOGAL/CD 117,CP09392-3E-5E,860,16,299,1647,
300,10,1,,CD 150,,790,15,300,1531,
301,11,1,E14701,NOGAL/CD 117,CP09392-3E-6E,900,13,301,1785,
302,11,2,E14702,NOGAL/CD 117,CP09392-7E-3E,800,15,302,1551,
303,11,3,E14703,NOGAL/CD 117,CP09392-7E-6E,728,14,303,1428,
304,11,4,E14704,NOGAL/CD 117,CP09392-7E-8E-0E,982,15,304,1903,CC15
305,11,5,E14705,NOGAL/4/TRAP#1/BOW//PFAU/3/MILAN,CP09394-1E-2E,683,16,305,1308,
306,11,6,E14706,IAN 15/7/TNMU/6/CEP80111/CEP81165/5/MRNG/4/YKT406/3/AG/ASN//ATR,CP08083-11E-2E,852,16,306,1632,
307,11,7,E14707,BABAX/LR42//BABAX/3/BABAX/LR42//BABAX/4/FUNDACEP 30,CP08221-3E-4E,762,16,307,1460,
308,11,8,E14708,BABAX/LR42//BABAX/3/BABAX/LR42//BABAX/4/FUNDACEP 30,CP08221-3E-9E,768,16,308,1471,
309,11,9,E14709,BRS GUAMIRIN/ITAPUA 65,CP08244-2E-3E,890,15,309,1725,
310,11,10,,ITAPUA 70,,862,15,310,1671,
311,11,11,E14711,BRS GUAMIRIN/ITAPUA 65,CP08244-5E-2E,891,15,311,1727,
312,11,12,E14712,BRS GUAMIRIN/CANINDE 3,CP08246-6E-8E,881,14,312,1728,
313,11,13,E14713,KRONSTAD F04/ITAPUA 40      ,CP08250-2E-5E,1003,13,313,1990,
314,11,14,E14714,KRONSTAD F04/ITAPUA 65,CP08252-1E-3E,1015,14,314,1990,
315,11,15,E14715,KRONSTAD F04/ITAPUA 65,CP08252-4E-4E,798,13,315,1583,
316,11,16,E14716,KRONSTAD F04/ITAPUA 65,CP08252-8E-6E,811,16,316,1553,
317,11,17,E14717,KRONSTAD F04/CATBIRD                                 ,CP08253-4E-6E,928,14,317,1820,
318,11,18,E14718,KRONSTAD F04/ITAPUA 70,CP08255-3E-4E,815,16,318,1561,
319,11,19,E14719,KRONSTAD F04/ITAPUA 70,CP08255-3E-5E,898,15,319,1741,
320,11,20,,ITAPUA 75,,939,13,320,1863,
321,11,21,E14721,KRONSTAD F04/CANINDE 1,CP08256-3E-2E,793,13,321,1573,
322,11,22,E14722,KRONSTAD F04/CANINDE 1,CP08256-12E-2E,900,13,322,1785,
323,11,23,E14723,KRONSTAD F04/CANINDE 1,CP08256-12E-3E,787,13,323,1561,
324,11,24,E14724,ND643/2*WBILL1//ITAPUA 40      ,CP08298-7E-4E,812,13,324,1611,
325,11,25,E14725,ND643/2*WBILL1//ITAPUA 40      ,CP08298-7E-6E,907,13,325,1799,
326,11,26,E14726,BABAX/LR42//BABAX*2/4/SIN/TRAP1/3KAUZ*2/TRAP/KAUZ/5/IPR 85,CP08405-3E-2E,851,15,326,1649,
327,11,27,E14727,BRBT1*2/KIRITATI/3/SRMA/TUI//BABAX,CP08445-2E-5E,1008,15,327,1954,
328,11,28,E14728,BRBT1*2/KIRITATI//BRS 208,CP08447-2E-3E,1000,13,328,1984,
329,11,29,E14729,BRBT1*2/KIRITATI//BRS 208,CP08447-2E-5E,946,13,329,1877,
330,11,30,,DON ALBERTO,,1001,16,330,1917,
331,12,30,E14731,BRBT1*2/KIRITATI//BRS 208,CP08447-2E-7E,1066,16,331,2042,
332,12,29,E14732,BRBT1*2/KIRITATI//BRS 208,CP08447-3E-1E,1003,15,332,1944,
333,12,28,E14733,BRBT1*2/KIRITATI//BRS 208,CP08447-3E-2E,1287,13,333,2553,SEG
334,12,27,E14734,BRBT1*2/KIRITATI//BRS 208,CP08447-3E-9E,930,13,334,1845,
335,12,26,E14735,BRBT1*2/KIRITATI//BRS 208,CP08447-3E-12E,635,16,335,1216,
336,12,25,E14736,NOGAL/KASORO3,CP09384-9Y-3E,946,16,336,1812,
337,12,24,E14737,NOGAL/ALSEN,CP09385-1Y-2E-0E,1049,12,337,2105,DC15
338,12,23,E14738,NOGAL/ALSEN,CP09385-5Y-2E,937,15,338,1816,
339,12,22,E14739,NOGAL/ALSEN,CP09385-5Y-3E,833,14,339,1634,
340,12,21,,ITAPUA 80,,1057,14,340,2073,
341,12,20,E14741,NOGAL/CD 117,CP09392-7Y-2E,894,14,341,1753,
342,12,19,E14742,NOGAL/CD 117,CP09392-7Y-4E,306,,342,698,
343,12,18,E14743,NOGAL/CD 117,CP09392-8Y-2E,715,14,343,1402,
344,12,17,E14744,NOGAL/4/TRAP#1/BOW//PFAU/3/MILAN,CP09394-6Y-2E,527,18,344,985,
345,12,16,E14745,NOGAL/4/TRAP#1/BOW//PFAU/3/MILAN,CP09394-6Y-3E,510,14,345,1000,
346,12,15,E14746,NOGAL/Itapúa 75,CP09396-8Y-1E,956,15,346,1853,
347,12,14,E14747,Itapúa 45/Itapúa 40//ALSEN,CP09227-1Y-5E-0E,1006,13,347,1996,BC15
348,12,13,E14748,Itapúa 45/Itapúa 40//ALSEN,CP09227-8Y-1E,846,15,348,1640,
349,12,12,E14749,Itapúa 45/Itapúa 40//ALSEN,CP09227-8Y-3E,798,15,349,1547,
350,12,11,,CD 150,,819,15,350,1587,
351,12,10,E14751,Itapúa 45/Itapúa 40//ALSEN,CP09227-8Y-7E-0E,1034,15,351,2004,BC15
352,12,9,E14752,Itapúa 45/Itapúa 40//ALSEN,CP09227-8Y-8E,662,15,352,1283,
353,12,8,E14753,Itapúa 45/Itapúa 40//ALSEN,CP09227-10Y-2E,657,15,353,1273,
354,12,7,E14754,Itapúa 45/Itapúa 40//ALSEN,CP09227-10Y-3E,734,14,354,1439,
355,12,6,E14755,Itapúa 45/Itapúa 40//ALSEN,CP09227-10Y-4E,731,13,355,1450,
356,12,5,E14756,Itapúa 45/Itapúa 40//ALSEN,CP09227-10Y-6E,941,14,356,1845,
357,12,4,E14757,Itapúa 45/Itapúa 40//ALSEN,CP09227-13Y-1E,1203,19,357,2222,SEG
358,12,3,E14758,Itapúa 45/Itapúa 40//ALSEN,CP09227-14Y-6E,860,12,358,1726,
359,12,2,E14759,ITAPUA 40/CD 108,CP 10003-3E,779,13,359,1545,
360,12,1,,ITAPUA 70,,795,14,360,1559,
361,13,1,E14761,ITAPUA 40//ND643/2*WBLL1,CP 10011-4E,851,14,361,1669,
362,13,2,E14762,ITAPUA 40//ND643/2*WBLL1,CP 10011-8E,869,13,362,1724,
363,13,3,E14763,ITAPUA 65/CD 118,CP 10024-5E,684,14,363,1341,
364,13,4,E14764,ITAPUA 65/CD 118,CP 10024-8E,798,16,364,1528,
365,13,5,E14765,ITAPUA 65/ONIX,CP 10026-1E,589,14,365,1155,
366,13,6,E14766,ITAPUA 70/CD 108,CP 10031-1E,601,16,366,1151,
367,13,7,E14767,ITAPUA 70//ND643/2*WBLL1,CP 10038-1E,794,14,367,1557,
368,13,8,E14768,ITAPUA 70//ND643/2*WBLL1,CP 10038-2E-0E,887,14,368,1739,CC15
369,13,9,E14769,Itapúa 75/CD 108,CP 10040-4E,735,13,369,1458,
370,13,10,,ITAPUA 75,,687,14,370,1347,
371,13,11,E14771,Itapúa 75/CD 118,CP 10041-17E-0E,880,14,371,1726,CC15
372,13,12,E14772,Itapúa 75/ALSEN,CP 10044-2E-0E,876,15,372,1698,CC15
373,13,13,E14773,CANINDE 1/CD 150,CP 10051-3E-0E,954,15,373,1849,CC15
374,13,14,E14774,CANINDE 3//ND643/2*WBLL1,CP 10062-9E,790,13,374,1567,
375,13,15,E14775,CANINDE 11/CD 150,CP 10069-6E,983,13,375,1950,
376,13,16,E14776,CANINDE 11/KL LEON,CP 10079-7E,893,13,376,1772,
377,13,17,E14777,ITAPUA 40/KURUKU//CD 118,CP 10149-2E,974,14,377,1910,
378,13,18,E14778,ITAPUA 40/KURUKU//CD 118,CP 10149-12E,733,14,378,1437,
379,13,19,E14779,ITAPUA 40/KURUKU//CD 118,CP 10149-13E,977,14,379,1916,
380,13,20,,DON ALBERTO,,1100,17,380,2082,
381,13,21,E14781,ITAPUA 40/KURUKU//ALSEN,CP 10157-4E,1069,16,381,2048,
382,13,22,E14782,ITAPUA 45/CORDILLERA 4//Itapúa 75,CP 10211-2E,1060,14,382,2079,
383,13,23,E14783,ITAPUA 45/CORDILLERA 4//Itapúa 75,CP 10211-6E,1026,16,383,1965,
384,13,24,E14784,E 97034/ORL 99220//Itapúa 75,CP 10300-14E-0E,1206,14,384,2365,DC15
385,13,25,E14785,NOGAL/CANINDE 3//CD 150,CP 10333-5E-1E,734,16,385,1406,
386,13,26,E14786,NOGAL/CANINDE 3//CD 150,CP 10333-5E-3E,798,15,386,1547,
387,13,27,E14787,NOGAL/CANINDE 3//CD 150,CP 10333-6E-1E,647,17,387,1225,
388,13,28,E14788,NOGAL/CANINDE 3//CD 150,CP 10333-6E-2E,679,16,388,1301,
389,13,29,E14789,NOGAL/KASORO3//CANINDE 1,CP 10335-1E-1E,1065,14,389,2088,
390,13,30,,ITAPUA 80,,1063,13,390,2109,
391,14,30,E14791,NOGAL/KASORO3//CANINDE 1,CP 10335-1E-16E,992,14,391,1945,
392,14,29,E14792,NOGAL/KASORO3//CANINDE 1,CP 10335-2E-3E,1015,14,392,1990,
393,14,28,E14793,NOGAL/KASORO3//CANINDE 1,CP 10335-2E-12E,905,14,393,1775,
394,14,27,E14794,NOGAL/KASORO3//CANINDE 1,CP 10335-2E-14E,1024,14,394,2008,
395,14,26,E14795,NOGAL/CD 104//CANINDE 11,CP 10337-1E-10E,980,14,395,1922,
396,14,25,E14796,NOGAL/CD 104//CANINDE 11,CP 10337-2E-4E,736,13,396,1460,
397,14,24,E14797,NOGAL/CD 104//CANINDE 11,CP 10337-3E-2E,899,13,397,1783,
398,14,23,E14798,NOGAL/CD 104//CANINDE 11,CP 10337-3E-3E,1009,14,398,1979,
399,14,22,E14799,NOGAL/Itapúa 70//CANINDE 1,CP 10339-1E-1E,450,,399,1026,
400,14,21,,CD 150,,1074,13,400,2131,
401,14,20,E14801,NOGAL/Itapúa 70//CANINDE 1,CP 10339-1E-3E,362,,401,825,
402,14,19,E14802,NOGAL/CANINDE 1//CD 150,CP 10340-1E-2E,583,17,402,1103,
403,14,18,E14803,NOGAL/CANINDE 1//CD 150,CP 10340-5E-1E,680,16,403,1302,
404,14,17,E14804,NOGAL/CANINDE 1//CD 150,CP 10340-5E-2E,702,18,404,1313,
405,14,16,E14805,NOGAL/CANINDE 1//CD 150,CP 10340-6E-2E,670,16,405,1283,
406,14,15,E14806,NOGAL/CANINDE 1//CD 150,CP 10340-6E-4E,684,17,406,1295,
407,14,14,E14807,NOGAL/5/PSN/BOW//SERI/3/MILAN/4/ATTILA/6/CD 108,CP 10341-1E-6E,549,16,407,1052,
408,14,13,E14808,Itapua 40//E CARDENAL/TNMU,CP6332-1E-0E-4E-0E-1E-4E,850,14,408,1667,
409,14,12,E14809,Itapua 40/IAN 10,CP6333-5E-0E-4E-0E-1E-1E,717,17,409,1357,
410,14,11,,ITAPUA 70,,799,14,410,1567,
411,14,10,E14811,Itapua 40/IAN 10,CP6333-5E-0E-4E-0E-1E-2E,811,17,411,1535,
412,14,9,E14812,Itapua 40/IAN 10,CP6333-5E-0E-4E-0E-1E-4E,821,15,412,1591,
413,14,8,E14813,Itapua 40/CANINDE 1,CP6339-3E-0E-1E-0E-1E-1E,878,15,413,1702,
414,14,7,E14814,Itapua 40/CANINDE 1,CP6339-3E-0E-1E-0E-1E-2E,870,14,414,1706,
415,14,6,E14815,Itapua 40//MILAN/MUNIA,CP6340-1E-0E-2E-0E-1E-1E,1064,16,415,2038,
416,14,5,E14816,Itapua 40//MILAN/MUNIA,CP6340-1E-0E-2E-0E-1E-5E,978,14,416,1918,
417,14,4,E14817,Itapua 40//MILAN/MUNIA,CP6340-1E-0E-7E-0E-1E-4E,816,17,417,1544,
418,14,3,E14818,Itapua 40/ITAPUA 70,CP6344-8E-0E-4E-0E-1E-1E,1011,16,418,1936,
419,14,2,E14819,Itapua 45//P-SUPERIOR/CRDN,CP6345-3E-0E-4E-0E-1E-4E,629,16,419,1205,
420,14,1,,ITAPUA 75,,991,15,420,1921,
421,15,1,E14821,Itapua 55//P-SUPERIOR/CRDN,CP6370-11E-0E-9E-0E-1E-5E,955,16,421,1829,
422,15,2,E14822,Itapua 55/CANINDE 3,CP6372-1E-0E-1E-0E-1E-2E,922,15,422,1787,
423,15,3,E14823,Itapua 55/CANINDE 3,CP6372-1E-0E-1E-0E-1E-3E,886,14,423,1737,
424,15,4,E14824,Itapua 55/CANINDE 3,CP6372-1E-0E-1E-0E-1E-4E,968,14,424,1898,
425,15,5,E14825,Itapua 55/ITAPUA 70,CP6377-5E-0E-3E-0E-1E-5E,913,14,425,1790,
426,15,6,E14826,CATBIRD/4/TNMU/3/LND/BAU//BAU,CP6418-15E-0E-2E-0E-1E-3E,913,15,426,1770,
427,15,7,E14827,Parula//P-SUPERIOR/CRDN,CP6528-1E-0E-2E-0E-1E-2E,839,15,427,1626,
428,15,8,E14828,EMBRAPA 27/OC 946//ITAPUA 40,CP6530-2E-0E-8E-0E-1E-2E,863,15,428,1673,
429,15,9,E14829,EMBRAPA 27/OC 946//ITAPUA 40,CP6530-2E-0E-10E-0E-1E-2E,938,15,429,1818,
430,15,10,,DON ALBERTO,,1077,17,430,2038,
431,15,11,E14831,ND 2929//MILAN/MUNIA,CP6541-3E-0E-1E-0E-1E-3E,884,14,431,1734,
432,15,12,E14832,ND 2929//MILAN/MUNIA,CP6541-3E-0E-2E-0E-1E-5E,685,14,432,1343,
433,15,13,E14833,ND 2929//E-CARDENAL/TNMU,CP6542-1E-0E-7E-0E-1E-5E,807,14,433,1583,
434,15,14,E14834,ND 2929/PEWIT3,CP6543-4E-0E-4E-0E-1E-3E,865,16,434,1657,
435,15,15,E14835,ALSEN/Can12,CP6544-2E-0E-1E-0E-1E-1E,865,14,435,1696,
436,15,16,E14836,CD-112/5/PSN/BOW//SERI/3/MILAN/4/ATTILA  (piricularia),CP6553-1E-0E-4E-0E-1E-4E,813,15,436,1576,
437,15,17,E14837,IAN 8/KASOSRO3//CD 104,CP7036-1E-0E-1E-0E-1E-3E,740,14,437,1451,
438,15,18,E14838,IAN 8/KASOSRO3//CD 104,CP7036-6E-0E-3E-0E-1E-3E,951,14,438,1865,
439,15,19,E14839,Itapua 40/IAN 10,CP6333-3E-0E-0E-0E-1E-3E-0E,1171,15,439,2270,BC15
440,15,20,,ITAPUA 80,,913,15,440,1770,
441,15,21,E14841,Itapua 40/3/ITP35/PF84432//CORD4,CP6334-2E-0E-0E-0E-1E-2E,941,15,441,1824,
442,15,22,E14842,Itapua 40/3/ITP35/PF84432//CORD4,CP6334-5E-0E-0E-0E-1E-3E,985,12,442,1977,
443,15,23,E14843,Itapua 50/CATBIRD   ,CP6354-1E-0E-0E-0E-1E-1E,923,14,443,1810,
444,15,24,E14844,PARAGUA CIAT/CANINDE 3,CP6482-0E-7E-0E-0E-1E-1E,917,15,444,1777,
445,15,25,E14845,ORL 980204//MILAN/MUNIA,CP6492-0E-14E-0E-0E-1E-2E-0E,990,12,445,1987,CC15
446,15,26,E14846,BRS 229//MILAN/MUNIA ,CP6549-0E-3E-0E-0E-1E-1E,867,15,446,1680,
447,15,27,E14847,BRS 229//MILAN/MUNIA ,CP6549-0E-3E-0E-0E-1E-2E,739,15,447,1432,
448,15,28,E14848,BRS 229//MILAN/MUNIA ,CP6549-0E-3E-0E-0E-1E-5E,776,13,448,1539,
449,15,29,E14849,CORDILLERA 3/EMBRAPA 120,CP6571-0E-18E-0E-0E-1E-4E,660,13,449,1309,
450,15,30,,CD 150,,819,14,450,1606,
451,16,30,E14851,Itapua 40/IAN 10,CP6333-5E-0E-0E-0E-1E-5E,868,16,451,1663,
452,16,29,E14852,Parula//P-SUPERIOR/CRDN,CP6528-9E-0E-0E-0E-1E-9E,858,13,452,1702,
453,16,28,E14853,Itapua 40/ITAPUA 70,CP6344-8E-0E-4E-0E-1E-3E,986,15,453,1911,
454,16,27,E14854,ITAPUA 40/2/MILAN/MUNIA,CP6588-4E-1E--0E-4E-0E,955,11,454,1938,CC15
455,16,26,E14855,ITAPUA 40/ND 2929,CP6597-1E-1E--0E-3E-0E,987,,455,2251,DC15
456,16,25,E14856,ITAPUA 50/3/ITP35/PF84432//CORD4,CP6616-2E-1E--0E-6E,992,15,456,1923,
457,16,24,E14857,ITAPUA 50/3/ITP35/PF84432//CORD4,CP6616-2E-1E--0E-9E,860,12,457,1726,
458,16,23,E14858,"ITAPUA 50/ VEE""S""/6/RL6010/JUP73/3/PRL'S'/VEE#6//MYNA/VUL",CP6617-1E-1E--0E-9E,862,15,458,1671,
459,16,22,E14859,E-97034(CATBIRD)/ITAPUA 65      ,CP6665-1E-1E--0E-5E,863,12,459,1732,
460,16,21,,ITAPUA 70,,1004,14,460,1969,
461,16,20,E14861,E-97034(CATBIRD)/GREINA     ,CP6671-2E-1E--0E-1E,843,13,461,1672,
462,16,19,E14862,Cord 3/BR 18,CP6693-1E-1E--0E-5E,920,18,462,1720,
463,16,18,E14863,ITAPUA 75/WEEBILL 2,CP6714-1E-1E--0E-8E,955,12,463,1916,
464,16,17,E14864,ITAPUA 75/WEEBILL 2,CP6714-1E-1E--0E-9E,,,464,,
465,16,16,E14865,WEEBILL2/EMBRAPA 120,CP6803-1E-1E--0E-4E,885,14,465,1735,
466,16,15,E14866,WEEBILL2//MILAN/AMSEL,CP6806-1E-1E--0E-5E,1050,15,466,2035,
467,16,14,E14867,WEEBILL2//MILAN/AMSEL,CP6806-1E-1E--0E-8E,938,15,467,1818,
468,16,13,E14868,KAMBARA 2/IPR 85,CP6903-3E-1E--0E-1E,917,15,468,1777,
469,16,12,E14869,KAMBARA 2/IPR 85,CP6903-3E-1E--0E-6E,716,16,469,1371,
470,16,11,,ITAPUA 75,,1053,14,470,2065,
471,16,10,E14871,KAMBARA 2/IPR 85,CP6903-3E-1E--0E-10E,825,14,471,1618,
472,16,9,E14872,PARULA/CD 104,CP7021-1E-1E--0E-8E,510,15,472,988,
473,16,8,E14873,ITAPUA 40/2/MILAN/AMSEL,CP6593-1E-1E--0E-4E,439,15,473,851,
474,16,7,E14874,ITAPUA 40/2/MILAN/AMSEL,CP6593-1E-1E--0E-6E,946,14,474,1855,
475,16,6,E14875,ITAPUA 65/ITAPUA 45,CP6654-1E-1E--0E-6E,641,16,475,1228,
476,16,5,E14876,ITAPUA 65/ITAPUA 45,CP6654-1E-1E--0E-7E,672,15,476,1302,
477,16,4,E14877,ITAPUA 65/IAN 15,CP6657-1E-1E--0E-2E,675,15,477,1308,
478,16,3,E14878,Cord 3/EMBRAPA 120,CP6692-1E-1E--0E-1E,845,12,478,1696,
479,16,2,E14879,Cord 3/EMBRAPA 120,CP6692-1E-1E--0E-2E,872,13,479,1730,
480,16,1,,DON ALBERTO,,776,17,480,1469,
481,17,1,E14881,Cord 3/EMBRAPA 120,CP6692-1E-1E--0E-4E,737,13,481,1462,
482,17,2,E14882,E-2027/IAPAR 85,CP6742-1E-1E--0E-2E,493,15,482,956,
483,17,3,E14883,E-2027/CD 104,CP6745-1E-1E--0E-2E,654,17,483,1238,
484,17,4,E14884,E-2027/CD114,CP6748-6E-1E--0E-3E,771,12,484,1547,
485,17,5,E14885,CANINDE 1/CD 108,CP6761-1E-1E--0E-8E,681,15,485,1320,
486,17,6,E14886,CANINDE 1/CD 108,CP6761-1E-1E--0E-9E,538,14,486,1055,
487,17,7,E14887,PM 88/PEWIT3,CP6764-2E-1E--0E-9E,779,12,487,1563,
488,17,8,E14888,E- 2028/ORL 00297,CP6846-2E-1E--0E-1E,880,14,488,1726,
489,17,9,E14889,E- 2028/ORL 00297,CP6846-2E-1E--0E-10E,807,16,489,1546,
490,17,10,,ITAPUA 80,,1063,16,490,2036,
491,17,11,E14891,KASORO 3/ND 2929,CP6873-3E-1E--0E-3E,632,15,491,1225,
492,17,12,E14892,KASORO 3/ND 2929,CP6873-3E-1E--0E-4E,716,15,492,1388,
493,17,13,E14893,KASORO 3/ND 2929,CP6873-3E-1E--0E-5E,483,15,493,936,
494,17,14,E14894,KASORO 3/ND 2929,CP6873-3E-1E--0E-6E,733,15,494,1421,
495,17,15,E14895,KASORO 3/ND 2929,CP6873-3E-1E--0E-7E,760,18,495,1421,
496,17,16,E14896,KASORO 3/ND 2929,CP6873-3E-1E--0E-10E,766,17,496,1450,
497,17,17,E14897,E- 2044/Cord 3,CP6880-3E-1E--0E-5E,745,16,497,1427,
498,17,18,E14898,E- 2044/Cord 3,CP6880-3E-1E--0E-6E,852,15,498,1651,
499,17,19,E14899,E- 2044/Cord 3,CP6880-3E-1E--0E-10E,804,15,499,1558,
500,17,20,,CD 150,,733,16,500,1404,
501,17,21,E14901,E- 2044/Cord 3,CP6880-3E-1E--0E-15E-0E,885,13,501,1756,CC15
502,17,22,E14902,BOW/PRL//BUC/3/WH576/4/BR 18,CP6937-1E-1E--0E-5E-0E,1080,14,502,2118,BC15
503,17,23,E14903,IAP/BR18//PF 953048/IAPAR 18,CP6962-1E-1E--0E-10E-0E,891,15,503,1727,CC15
504,17,24,E14904,PARAGUA CIAT//MILAN/MUNIA,CP6987-2E-1E--0E-5E,206,,504,470,
505,17,25,E14905,CD 110/BR 18,CP7012-1E-1E--0E-2E,939,16,505,1799,
506,17,26,E14906,CD 110/BR 18,CP7012-1E-1E--0E-3E,835,13,506,1656,
507,17,27,E14907,CD 110/BR 18,CP7012-1E-1E--0E-7E,787,13,507,1561,
508,17,28,E14908,CANINDE 1//MILAN/AMSEL,CP08006-5E-0E-2E-0E,988,14,508,1937,CC15
509,17,29,E14909,CANINDE 1//MILAN/AMSEL,CP08006-5E-0E-4E,989,16,509,1894,
510,17,30,,ITAPUA 70,,846,17,510,1601,
511,18,30,E14911,CANINDE 1//MILAN/AMSEL,CP08006-5E-0E-5E,855,14,511,1677,
512,18,29,E14912,CANINDE 1//MILAN/AMSEL,CP08006-5E-0E-10E,955,17,512,1807,
513,18,28,E14913,WBLL2//MILAN/AMSEL,CP08016-2E-0E-2E,851,16,513,1630,
514,18,27,E14914,WBLL2//MILAN/AMSEL,CP08016-2E-0E-3E-0E,1084,15,514,2101,BC15
515,18,26,E14915,WBLL2//MILAN/AMSEL,CP08016-2E-0E-11E,843,20,515,1538,
516,18,25,E14916,WBLL2//MILAN/AMSEL,CP08016-7E-0E-2E,978,17,516,1851,
517,18,24,E14917,WBLL2//MILAN/AMSEL,CP08016-7E-0E-5E,,,517,0,
518,18,23,E14918,ITAPUA 40/BR 18,CP08046-2E-0E-2E,891,15,518,1727,
519,18,22,E14919,CORD 3/6/CS/AC//GLEN/3/GEN/4/ALD/PVN/5/SUZ 8,CP08050-11E-0E-3E,890,16,519,1705,
520,18,21,,ITAPUA 75,,817,14,520,1602,
521,18,20,E14921,CANINDE 3/CATBIRD DIF 1073,CP08059-4E-0E-6E,737,15,521,1428,
522,18,19,E14922,CANINDE 3/CATBIRD DIF 1073,CP08059-4E-0E-7E,761,14,522,1492,
523,18,18,E14923,CANINDE 3//RL 6040=Thatcher *7/Translocation 4=Lr19,CP08063-3E-0E-4E,710,15,523,1376,
524,18,17,E14924,CANINDE 3//RL 6040=Thatcher *7/Translocation 4=Lr19,CP08063-3E-0E-9E,768,15,524,1489,
525,18,16,E14925,CANINDE 3//RL 6040=Thatcher *7/Translocation 4=Lr19,CP08063-9E-0E-1E,900,15,525,1744,
526,18,15,E14926,ITAPUA 75/BR 18,CP08080-4E-0E-6E,837,15,526,1622,
527,18,14,E14927,ITAPUA 75/BR 18,CP08080-4E-0E-8E-0E,1102,14,527,2161,DC15
528,18,13,E14928,WBLL4/5/BABAX.1B.1B*2/PRL/3/PASTOR/4/RL 6040=Thatcher *7/Translocation 4=Lr19,CP08101-10E-0E-4E,950,17,528,1798,
529,18,12,E14929,CANINDE/GREINA,CP08119-3E-0E-1E-0E,1119,13,529,2220,CC15
530,18,11,,DON ALBERTO,,912,13,530,1809,
531,18,10,E14931,CANINDE/GREINA,CP08119-3E-0E-7E-0E,1230,14,531,2412,BC15
532,18,9,E14932,CANINDE/GREINA,CP08119-6E-0E-1E,999,15,532,1936,
533,18,8,E14933,Itapua 40/IAN 10,CP6333-1E-0E-6E-0E-1E,940,15,533,1822,
534,18,7,E14934,Itapua 40/IAN 10,CP6333-1E-0E-6E-0E-4E,923,15,534,1789,
535,18,6,E14935,Itapua 40/3/ITP35/PF84432//CORD4,CP6334-2E-0E-5E-0E-4E,757,14,535,1484,
536,18,5,E14936,Itapua 40/3/ITP35/PF84432//CORD4,CP6334-2E-0E-5E-0E-6E,1019,18,536,1905,
537,18,4,E14937,Itapua 40/3/ITP35/PF84432//CORD4,CP6334-2E-0E-6E-0E-3E,573,15,537,1111,
538,18,3,E14938,Itapúa 70//ITAPUA 40/Itapua 60,CP09085-2E,816,12,538,1637,
539,18,2,E14939,Itapúa 70//ITAPUA 40/Itapua 60,CP09085-11E,667,15,539,1293,
540,18,1,,ITAPUA 80,,903,14,540,1771,
541,19,1,E14941,CRONOX/Itapúa 70,CP09255-10E,554,15,541,1074,
542,19,2,E14942,CRONOX/Itapúa 70,CP09255-17E,701,18,542,1311,
543,19,3,E14943,INIA DON ALBERTO/Itapúa 70,CP09287-12E,881,16,543,1687,
544,19,4,E14944,CANINDE 1/CD 116,CP09131-4E-0E,1103,14,544,2163,CC15
545,19,5,E14945,ORL 99192/4/MILAN'S'/3/E.FED.//BUCK 6/MR 74507/5/CD 104,CP09237-2E,835,14,545,1637,
546,19,6,E14946,NOGAL/CANINDE 3,CP09382-4E,846,14,546,1659,
547,19,7,E14947,ITAPUA 65/5/BABAX/LR42//BABAX*2/4/SIN/TRAP1/3KAUZ*2/TRAP/KAUZ,CP08060-6E-0E,1028,12,547,2063,DC15
548,19,8,E14948,CD 112/4/BABAX/LR42//BABAX*2/3/TUKURU,CP08167-1E-0E,1185,14,548,2324,DC15
549,19,9,E14949,KRONSTAD F04/CANINDE 1,CP08256-7E-0E,1068,15,549,2070,DC15
550,19,10,,CD 150,,1013,14,550,1986,
551,19,11,E14951,ND643/2*WAXWING//CATBIRD                                 ,CP08324-1E,1016,14,551,1992,
552,19,12,E14952,NOGAL/Itapúa 75,CP09396-2E-0E,1128,14,552,2212,DC15
553,19,13,E14953,UP2338*2/KKTS*2//YANAC,CMSS06Y00861T-099TOPM-099Y-099ZTM-099NJ-099NJ-12WGY-0B,743,13,553,1474,
554,19,14,E14954,UP2338*2/KKTS*2//YANAC,CMSS06Y00861T-099TOPM-099Y-099ZTM-099NJ-099NJ-28WGY-0B,911,14,554,1786,
555,19,15,E14955,WEEBILL2//MILAN/AMSEL,CP6806-1E-1E--0E,797,13,555,1581,
556,19,16,E14956,PM92/7/TNMU/6/CEP8011/CEP81165/5/MRNG/4/YKT406/3/….,CP6171-10E-0E-0E,865,14,556,1696,
557,19,17,,SAFIRA,,810,14,557,1588,
558,19,18,E14958,Itapua 45/CANINDE 1,CP6348-3E-0E-3E-0E-1E-2E,849,14,558,1665,
559,19,19,E14959,CANINDE 1/Prointa Granar,CP08001-12E-0E-2E,1069,14,559,2096,DC15
560,19,20,,ITAPUA 70,,994,13,560,1972,
561,19,21,E14961,KFA/2*KACHU,CMSS06B01005T-099TOPY-099ZTM-099NJ-099NJ-31WGY-0B,820,14,561,1608,
562,19,22,,,,,,,,
563,19,23,,,,,,,,
564,19,24,,,,,,,,
565,19,25,,,,,,,,
566,19,26,,,,,,,,
567,19,27,,,,,,,,
568,19,28,,,,,,,,
569,19,29,,,,,,,,
570,19,30,,,,,,,,
